mouse_count,avg_mouse_speed,keystroke_count,typing_speed,session_duration,is_bot
15,921.8028146886038,22,24.018606461950988,3.160286201095453,1
4,870.9482889209838,36,23.672235419825263,0.563353496238328,1
6,972.2315636566502,9,18.53329047495272,3.10306424979213,1
20,580.902371716657,13,17.40846362817736,3.1564665441228885,1
14,516.8615444228288,10,28.765396386695294,4.158345450523621,1
1,868.6779630796132,9,28.453711037840822,2.667872912354543,1
133,277.85454411629894,114,4.446248584742369,64.91310838092346,0
32,644.4111324631402,102,6.482683604518628,47.81103356444759,0
82,496.0420084209304,82,5.897168008837809,14.158271247085189,0
13,835.2437974886212,316,17.36074976439704,0.4165124707915929,1
18,1059.7097300343294,280,23.605350183015823,2.459050055422112,1
64,625.7821456661011,132,2.620440957537581,10.001739057346756,0
79,306.1712347215829,100,6.041770974326457,106.9263235032851,0
14,1906.9891153154322,387,0.7195033955182621,3.9527162368980067,1
118,229.97626990505157,52,3.441530654566014,98.99208053826604,0
17,1687.1682113148725,237,16.193985696269426,2.250018642602583,1
141,678.7395901461085,31,7.259773168619944,107.12501770431703,0
3,1421.1534023570407,46,0.48394894905685526,0.973585098549849,1
168,314.5222617495346,48,6.976249200099307,55.89686873390849,0
162,678.2132473793797,68,5.61209902567012,105.76906919603552,0
42,395.91724903631206,148,5.15437033001579,26.604420990400666,0
197,357.58156392353334,55,4.191141912173142,103.23759403788586,0
134,248.35028408348813,91,3.9222332961365094,115.18100069228699,0
77,199.45347552098406,52,7.733879680444874,104.94145919953448,0
14,1452.1752499632169,406,15.136606996338104,2.693723896301725,1
68,657.4662725083558,105,4.473928543617431,97.73330765909026,0
6,1732.1139077704934,368,19.379439168406304,1.1303929363565168,1
4,625.9625238934184,409,0.9082673910190605,0.8891780278547218,1
123,250.22185232498776,45,5.506313927699842,61.25983534523892,0
9,1902.826881953979,340,0.5554727740907252,4.553505687574341,1
23,415.925134099442,71,2.3617296827529417,28.76803811303792,0
101,618.633387364251,132,6.866486184278604,43.47826114319741,0
183,753.458156427749,32,2.437348197730288,100.92190863761205,0
10,1702.5274996546063,13,0.4480878478096657,1.3475860045485537,1
45,214.05485843033574,42,6.051459208812071,102.93028028737291,0
0,1653.1366775652239,391,18.23649942739006,4.14288827970018,1
0,1366.8603795410609,27,0.37004314074425126,3.726240924868714,1
27,570.5640275195867,111,7.160076839136821,61.56539953170417,0
15,1989.2774817348043,482,27.20776795217166,2.6481891861061078,1
132,106.47250051085081,101,3.1868679757000207,51.392601872346,0
44,295.6083742274078,76,4.4142883237600685,71.20412590013358,0
192,595.4562790610428,66,4.970074178364642,103.80895758219422,0
137,518.1271062871238,30,2.240997056874406,83.94779026478194,0
0,993.7072540577101,9,18.208590526411633,2.443903943747712,1
4,1949.2632052985316,337,24.42549448550808,2.1575039343787807,1
12,1780.167889581879,278,21.23554950574341,1.7969197611127519,1
192,304.9050302509661,130,5.917935729400414,96.13231928982714,0
159,142.6179626295141,60,4.972278100881311,41.447098938337945,0
162,773.9805487215984,58,7.642194545604398,88.69674763553886,0
90,372.61967709246954,99,3.5022809089888844,104.07738076856805,0
6,1972.3920637269682,217,0.2050014791957332,0.9326359980271881,1
1,1242.7284105841022,37,17.194786831220966,0.6978232068530882,1
23,263.3300093193526,139,4.070850137383774,20.61774047661917,0
4,1201.425321348599,343,18.592435500531103,4.334065322704312,1
136,569.9151568458632,31,4.923581583350742,10.582351650511745,0
8,516.484227896073,40,19.574434576246343,3.1675231678672082,1
17,1198.497698056227,11,0.009901648438345623,4.378194581630855,1
7,1865.41620183572,447,17.248481993408,0.6558800056117647,1
93,160.8615344925008,37,3.5826294167770083,44.178366485864345,0
1,1612.9539908573754,0,0.5000306589742523,2.006615795016835,1
16,1421.9757570580427,38,0.09130111737717783,2.5755128898921753,1
7,633.1195602275685,17,24.988573413471048,4.967149875318785,1
178,368.06804720915477,81,2.0494553915752145,37.40944541361834,0
17,1950.39648436976,289,0.001015242389330706,1.67433822221521,1
27,439.69947063771224,106,2.202453088062864,21.528435700743117,0
122,201.89005925302735,62,6.847178797243561,103.28953930636807,0
136,792.6397781183949,109,6.042797600035219,54.310656567965985,0
3,1749.4135782045994,430,15.840752949579223,3.7076885603835876,1
3,629.7161989148212,352,22.20661215110468,3.412030887272816,1
102,330.87543318894063,95,6.018239062384165,93.34469091924173,0
114,286.97743018408534,136,6.037795230888747,33.10380303844477,0
23,112.17327553056361,78,3.4264039582347605,71.70977341058963,0
71,734.2652847155879,82,4.950071429163394,22.800549407746892,0
18,1540.28195068712,34,17.304200984983858,1.0464454094339415,1
7,833.2035763156903,499,0.5138673626064546,2.8628434857545884,1
100,236.15899505718437,58,7.814234796110038,20.39558970860663,0
65,153.9600275163146,52,6.980042840992299,81.25809523773938,0
10,643.5205989547718,423,28.568520183525436,2.752869795780735,1
137,338.5436474843202,143,5.7488070848930555,103.50303178572844,0
197,639.1313436970014,113,2.3403672012350585,98.6866325412168,0
195,792.4957714825043,32,6.304753927935936,21.921125737545488,0
87,414.6834922242277,34,6.2352253858146165,112.02171383735674,0
2,1986.6019738752657,36,0.560080153899701,2.9048864591251884,1
14,975.0801347275751,429,23.176301714149744,2.2765887732753693,1
186,713.3685991370022,149,4.15043832259772,72.46860779103052,0
93,263.9483549942055,65,5.16668971900224,95.64806701873032,0
126,181.7166128356253,93,5.763525038957574,24.16141947575636,0
200,774.2437601724133,134,5.706359670288524,83.44136204508575,0
96,517.0881380997527,73,7.757995568908746,63.91843655616689,0
133,399.8698958856004,115,7.132071164795504,27.870425256820656,0
6,1783.7037569074887,0,0.6337561148667301,0.2307017398408001,1
11,1018.560449123519,402,0.7618247098589799,2.809602427939934,1
200,691.4796838606965,117,3.33170561373898,11.593772313301493,0
10,1250.2475165998508,445,0.17459923741563566,2.562861248485493,1
0,949.3239856864915,14,21.137783605166582,1.9772951548481654,1
139,748.2562741848299,87,6.756427711796573,90.45260352586286,0
190,200.7877837605642,41,5.785478484906226,117.09058178172005,0
43,303.2531927529546,79,6.2393644923339995,99.49018106309985,0
1,1254.330668716763,35,24.402554109995425,2.2219572323379104,1
11,738.6817399280868,19,0.9290105674527421,0.2069198845892678,1
16,973.327818778812,35,19.632610612749744,2.5694492515015104,1
74,244.27070853155914,119,4.792430581171317,49.36561527699279,0
18,1634.1634627863698,235,0.08348643616937801,3.217357359330526,1
2,674.9590597561695,49,0.09736518550303697,4.442979741502095,1
5,1497.3961772182824,323,29.473020716508714,3.616836849360163,1
77,609.2320468131295,136,7.409309902765775,93.34120826970731,0
76,308.59495973308384,108,4.337085108961746,88.23178830704536,0
1,1950.653678772898,33,19.673532359586133,2.627390231905846,1
20,204.10251174109555,130,2.5450615848288782,30.719095423498167,0
64,588.044457081905,147,7.515353373672028,46.26289767472871,0
27,161.69347064950298,135,3.2270192403928717,57.6561058629601,0
77,453.3259625500609,133,5.668232063578963,13.919598285276889,0
12,959.5613101897211,22,21.605803257658437,0.3260816098886715,1
4,1248.8267725877959,23,17.73721233796423,3.057717706496492,1
13,1256.119127785023,38,0.061880619722587404,0.7635225680029684,1
7,1192.2816100834093,272,26.254440437921687,3.3176681079669414,1
16,1169.8069934026375,16,0.2235625913799424,4.796343640461555,1
0,1832.9842896579535,31,16.284415917310454,4.31602745230395,1
12,1954.89423054867,27,0.8157136284329051,2.6257712440207275,1
2,1314.4385615197166,40,29.329444170313206,1.0736128560105103,1
11,605.6890277846308,282,20.374957501713183,4.652721208118361,1
118,785.9031576575629,63,5.445251456631157,36.9596891067868,0
149,321.7859371278677,63,5.1800277149614224,40.841291243695096,0
132,520.2451249466668,146,6.210180417155832,82.02766386870803,0
50,158.14830235753786,87,3.392240140394404,47.23407508383945,0
0,613.6707992417744,407,0.764377717596248,0.3846894091052766,1
196,388.1745370347516,117,2.209497835906681,31.943912426873705,0
163,353.34773950821693,133,3.5354091949327824,52.121403358763885,0
17,1259.9225989334682,299,0.5887371090111522,4.473622489756749,1
137,689.7767622749918,84,3.5899107964092827,74.50449732792018,0
191,202.1142550480124,124,3.333215863396597,32.179043084750546,0
28,780.6947973694639,52,3.7869057244605213,20.062111132690546,0
166,771.6129783007445,46,4.306859979919622,75.82181925143159,0
9,1684.867712188437,465,16.53648204016783,2.8602498918813875,1
180,758.7935982197499,126,4.605880549554718,30.17361115162347,0
133,384.63630769724244,146,3.7305655769229356,29.747244928808573,0
161,247.01118964138604,115,3.151986138940742,51.63517674919312,0
1,943.0279089060357,367,0.3904955665763873,0.06524820095139383,1
193,578.2479884108092,47,7.8916312716000565,82.66151085313462,0
1,686.4688908124785,11,0.9818919897120433,2.1432694584658805,1
199,180.00991057477063,47,2.7661538021234233,41.33518655166813,0
65,716.2351392673324,48,4.806731293256847,29.170175247119698,0
20,458.75646885995604,47,4.139124052357209,38.16442481071463,0
20,622.5280893608132,7,0.821599584833434,0.8594330011165552,1
17,957.5812376949918,23,18.315394569194773,0.7764182728476371,1
5,798.9984470806744,11,25.895964129238195,1.507614554129197,1
147,353.7670598667445,35,6.050651675533481,111.8663150963226,0
81,293.93132652682334,94,2.1624170985399385,44.489703605005204,0
1,1032.40326446255,18,0.33749277707586467,3.716685867940286,1
12,1228.5208949835014,460,18.85769573261582,1.9754390731723548,1
15,1537.380381696813,435,27.109066045123175,3.023711980812087,1
88,130.21442066496013,89,5.745780467992649,114.23094072234385,0
9,1876.704537887949,18,29.665850304566113,4.27135906892751,1
9,1364.0627092196753,390,28.492763146426658,1.292301001165892,1
131,549.5791363908897,100,4.973582093036331,95.84378253707115,0
8,677.2296335703522,309,25.583866556163066,4.011107322184369,1
16,817.0451502531032,27,26.100280690046105,2.023283851079838,1
134,534.8571637440281,117,6.932007651438683,40.114824507259044,0
190,540.5038703379531,60,5.87036780392699,91.39254206042087,0
15,829.6616379792079,446,0.890579403385568,0.8574146554257261,1
1,788.0281910763279,467,0.2651788112935096,4.260198029194809,1
153,601.4646200830506,38,7.968225228184785,96.11264753677916,0
119,785.7078002368644,94,2.6880130864112184,44.73863073036883,0
40,548.6136440064745,59,6.779152111464738,48.23996298503761,0
20,646.7767552337384,313,18.87480935370678,1.6900869597807384,1
64,682.3733486986682,54,2.7692671726168627,102.07688197835601,0
20,1593.2478183465146,229,0.5166503674267701,3.7340037428266726,1
102,334.194824487601,87,6.5971714937276005,110.03708338811627,0
105,151.17408027564989,55,3.8759867971507727,61.875834688382966,0
93,532.8711405868312,113,4.768056558741799,108.563850605922,0
15,1814.2388416900262,4,28.140592103599992,0.022619069956459348,1
17,1113.8006940481932,47,0.40240814273110737,2.0709070190796837,1
145,514.4792734227001,78,7.994869672480596,69.71287287207251,0
157,775.9916678659832,135,7.769050473681265,35.61961876521227,0
15,1512.9876174130254,20,28.40030550434671,0.6804845401488585,1
67,702.1823140946381,57,6.290977793438495,17.74862001352573,0
20,662.2826340225913,3,0.5106570455402146,1.704370523613055,1
107,284.41509102421526,60,5.566244986512283,16.842285272255367,0
19,1975.3330907626912,232,22.207565931203668,3.577252967683024,1
7,1536.43326518117,19,0.8708039920320273,3.9473273964700284,1
18,878.2695319089638,487,23.753610951969875,4.484554332407375,1
17,1387.2410506837796,375,15.920867383067492,2.7110579772258503,1
172,213.84876807001376,54,6.858911213686858,99.37971430231083,0
49,532.844546645836,141,7.0608712399775815,112.75340635467239,0
14,1678.0376909771887,46,0.06490521497817492,4.217229338375744,1
5,1867.1916211551898,9,0.616109657520869,1.30333136008211,1
178,641.1998973459575,127,3.6824213201260596,50.230926727800124,0
188,336.377767366543,114,2.422436402552634,55.98630435250809,0
135,561.2248728663535,128,7.2871176022754005,116.77134790276598,0
146,589.9508464991095,140,2.8314783427717414,43.38663759506889,0
116,775.4047628382758,70,2.2913510189129154,108.36666125508665,0
192,674.7104732653063,45,2.476106811168841,30.6077528218502,0
6,871.6088683141171,458,16.119016486505753,4.563600586788784,1
46,107.13921775236412,41,5.4489537403623975,50.55140908811968,0
16,1864.0065282335481,38,0.6385678769883726,2.135279991257586,1
67,371.27629248979093,33,2.3730995702368727,76.8315901678871,0
18,537.6450045933325,475,0.6969867977664125,4.049263253273773,1
13,1870.1615168041567,2,28.717310580318795,3.7595757944781285,1
16,1937.7730950194143,252,29.13488255951348,0.2215710014057315,1
16,1946.0777113353568,47,0.62036594521886,3.2271118673544614,1
10,1231.135292704057,29,19.18375574340108,1.9003936400326638,1
161,478.8837554702445,98,6.6662651262005195,91.84171729580795,0
179,786.1531716156417,96,3.7447944343896884,47.672106791781594,0
45,241.88572251433504,112,6.958903445511662,112.41989279543427,0
13,931.4658481356032,28,27.65179862328978,0.15653383612403815,1
0,1937.4034247569618,23,0.2237560148211465,3.5327331956879293,1
13,798.5797221045508,40,0.8620385128489735,4.609951200687099,1
15,993.4788993159083,7,24.737360275847873,3.8448695112208373,1
193,316.59219046186416,115,4.944704778945958,45.87295408426794,0
4,1749.7250305266132,9,0.8881101011519821,2.3664128096868713,1
128,310.9455842368843,81,2.7312806859327488,118.82354732371988,0
67,597.6055509261944,50,4.162155134699575,14.057093940130539,0
31,153.1046073253066,139,2.537065496812307,100.01898375772049,0
194,131.1240438980593,52,6.621891183659973,62.54371833655104,0
200,792.3573956136632,118,5.697000534651869,87.33080729833894,0
88,359.02779127048166,102,6.892958026633335,35.034797481408205,0
20,744.8752186982346,31,0.9341563256162242,0.6356438651525542,1
74,440.74459963012725,33,7.924169668655036,88.77161691432984,0
159,387.4851732957344,40,5.079826674714206,29.323313134481637,0
6,1951.415428561423,465,29.985315528308945,0.7684422418774128,1
4,1484.3444522499303,35,29.809210623874524,4.3558430000203545,1
17,1925.2810380859332,19,23.20835316230119,1.710052380378021,1
4,1039.069118275551,476,21.578908594249754,3.095812481929232,1
18,1848.1072848144713,280,0.11378119420469068,1.8966942512504308,1
133,702.2840502016895,40,7.054642874069577,33.21001644087278,0
129,120.2471852731471,55,6.024149819698269,106.90039631307494,0
192,708.343559190006,58,3.8417157137570705,105.41302105426755,0
17,1507.147862697293,267,0.14764588157104697,2.9046115580179697,1
129,159.83253910198027,67,2.0972857503188678,45.90924764870019,0
101,206.60183810333234,116,3.046763467657612,14.365570402205305,0
9,607.7489879046157,47,17.256159999952565,2.802723857664139,1
1,640.9561372815573,481,0.7171897847317534,4.621695694552795,1
107,630.3306305568926,144,6.689042170376734,35.825830897738015,0
185,780.3096740195698,62,4.1287099516877515,99.88198285513856,0
8,1261.409948854724,18,18.118150841191056,0.5951217863356539,1
189,551.3171761935105,35,7.278883974275908,57.703116630408104,0
11,1840.7246392399263,40,16.10430507121011,0.10686286497068709,1
0,1862.6494679657828,290,26.18104331923943,3.550126757362466,1
12,1283.6538718728184,48,0.03087199418888209,3.079197780070881,1
134,335.22147840636296,144,6.132524327515485,114.19551388367081,0
80,288.72281235328035,80,5.868216273719588,82.29423250335368,0
191,513.2449848736876,135,7.8016415017560945,95.40839811083147,0
6,656.5188701966017,20,17.862179778292642,4.661132970847296,1
10,855.9457863383727,492,17.362187399842647,4.072720152378753,1
13,589.1550453097066,12,21.286282502181738,1.4780820727865946,1
180,204.74773688284466,73,2.9159503109646328,48.31077636733099,0
96,420.6494170746856,140,7.2191293189528505,101.61680292501273,0
18,587.0445145158194,39,18.661002894410593,1.5666556044821327,1
2,908.3229558130013,266,19.629225750166473,2.3137633803637985,1
11,1317.8521671132355,10,18.565227615960357,0.616893431017343,1
3,1600.7788346347677,40,0.4943478263829647,3.7183007583356185,1
6,1324.7404187210705,389,17.027631364849526,0.6857048154593642,1
5,1301.6586840846007,481,26.728555113205324,1.315006864672501,1
10,1260.1405566943058,340,19.21782637125927,0.856608602070188,1
0,1826.4653840772153,201,0.974524055531332,4.610585073311299,1
8,1377.4576209431457,461,17.013665669289637,2.405654269888787,1
10,1922.815883544193,11,25.72254854637802,3.493596911096806,1
194,462.1265508072735,104,3.9332460060884817,33.84621251132357,0
1,1957.5727040764846,497,0.3893414016855101,1.6167486209497695,1
66,301.2289390747258,42,7.047033127988182,35.9733210524401,0
171,448.49289103660476,38,2.122028513042335,13.98750080680884,0
0,1167.364297589498,210,0.3855837461278344,3.303241063463581,1
20,589.6491729162145,414,0.6858796462791594,0.36877607687652414,1
118,232.63383817357328,63,6.426861826908613,55.09770369783883,0
18,1131.715286176052,258,0.5621208171430068,4.061885592840089,1
15,926.269879666221,338,0.024165597092631108,3.53996796320871,1
3,1120.1368055603054,26,24.14812200632997,4.221808637787065,1
86,706.7531180003633,43,7.752793165916837,28.091039722405934,0
20,239.29686778924489,119,5.850440506447135,33.883790951642084,0
6,977.7383455261175,387,0.6062615101687331,3.1598282590850153,1
195,230.76557548331553,144,6.974253234369614,60.70834444831617,0
7,540.3554713189751,467,15.321600880720991,1.2660245969195487,1
11,1965.9996099316265,412,15.262391804188905,2.5151423602588756,1
3,1349.6273506270218,19,0.0173964567636834,2.7796249679932776,1
70,360.4209530645325,53,5.805033043326475,50.40310240587187,0
1,1355.2320359400505,46,16.903735713413283,4.357778441386508,1
14,956.552421893293,8,0.649747151303901,2.4557586486845273,1
101,771.2745015268024,56,3.484442394320886,109.51866419642876,0
14,1641.6469568287962,7,0.5136875841518138,3.2373350769734524,1
2,1448.8183662686138,339,16.338118944583627,3.663274628508998,1
13,1452.3900509887785,232,15.061256614050897,0.5052395052610531,1
62,268.8640942079285,65,6.264802366787089,25.298485721349195,0
88,296.9603792107603,43,2.454827571495121,107.70664517159295,0
5,1822.911720327,19,16.094849504746154,3.42305612006293,1
147,511.20123012327184,44,2.6627132567432596,76.65071824691583,0
101,232.94027616657308,123,5.320932538199061,44.86724690924609,0
35,176.24326320915537,120,4.5487693537874065,49.474908365868444,0
17,1263.9660793237613,318,27.539864597971718,0.9316971133811969,1
7,981.3371796659362,343,21.261566525041324,1.2086952545244767,1
97,122.60588570158563,141,2.144812754738179,84.88957074429726,0
11,870.6989638495294,494,15.467946682891984,0.7767505308924483,1
185,468.87150261914684,48,4.018966548748243,37.644528064494374,0
13,1851.5159872050785,14,0.3389784913952948,0.33632212601704015,1
7,1558.2934591044384,212,0.35246926077074514,2.7202852914037425,1
170,735.5290915254913,135,2.1982142943054415,113.61136841567902,0
107,680.2652175279354,139,2.4888837372531496,21.296101410073277,0
16,1461.7698183385319,16,27.33098520327038,3.4633477948018587,1
143,679.5720429454341,81,6.703081405997314,32.24493309007592,0
70,594.2131866820064,86,2.0268588813474095,72.83512349762097,0
9,1428.208857249349,209,0.4595244831290686,4.808398340204473,1
10,1639.9626270125993,19,26.766409679967985,3.7541687838652784,1
77,664.7800195352723,124,2.867349407585115,59.27691479739775,0
11,511.52515554795326,335,19.59486323124976,2.2569734662990775,1
20,1325.4709945979098,10,0.3871700803857352,2.7020083251531406,1
10,741.7950281760221,381,29.401916691335238,3.255535208520554,1
2,1511.6045237608537,7,24.081539707529757,0.43613582036524323,1
160,111.51641050362383,120,7.890286631483781,42.14043557527791,0
93,605.8876153668907,81,7.165923172924982,112.05406133585149,0
18,1468.616595501685,379,0.3262859901979883,2.8957014909973404,1
5,937.9796129774837,382,0.9886690066247179,0.8224865246462437,1
112,157.95337472768156,45,3.321396376921469,27.56469815593761,0
95,212.67299437058202,146,3.7549874144383217,23.16434663180182,0
102,670.2055311337999,60,3.0782819783801747,113.45013052848982,0
93,532.9506242505029,133,3.6986926593189278,57.61972338591327,0
6,540.7215092419466,39,20.57395796231135,3.7562285743117156,1
41,372.1964305076622,40,6.063541780633205,94.9664729992066,0
0,1352.526477223377,413,0.9743197738997789,1.5327879239636821,1
29,224.25563082681202,57,3.674714626347698,53.97789066237665,0
170,375.30791678294906,67,2.5896686712387957,75.41873502005782,0
3,843.0887329240265,12,0.3820609137372324,1.0840260245613837,1
42,170.80399100968438,143,5.770320646740176,106.74195078502144,0
2,544.7794236492949,15,26.498040212204508,3.092070608737588,1
4,1496.4150401484299,335,24.101543792246915,1.048333517291401,1
5,1455.424415799695,19,0.2650717016002342,3.351494275957596,1
16,785.8191171232102,47,0.17609345520323028,2.3648191271804957,1
3,1925.3784399990805,7,0.06030452892961646,2.54142429142391,1
82,679.3662388846797,72,4.208006891910702,45.72688597548627,0
40,630.0142694246617,78,6.057914646720659,43.460155977089016,0
134,161.59042693214806,30,4.153064767996231,89.3584467819324,0
11,533.9187565750044,333,0.6502060334361337,4.120631607503201,1
129,258.39880714005733,31,3.297409419300615,14.640941833872665,0
5,1501.0904502867172,19,0.1881506989500431,1.6789513779613197,1
70,498.77384773733183,136,3.3397141297651487,87.8248955473455,0
16,742.7687325019284,264,0.4044630242502778,4.69824281609761,1
16,1081.6951668667343,258,0.3729248039426487,4.011806486834298,1
5,716.6494641313417,29,20.344244050475865,4.877733981062118,1
18,1570.5624287826718,493,28.008283964889863,4.2643111070758,1
161,435.325506826607,130,7.20818943672097,48.708911276468,0
153,594.0251216414993,49,4.2817551815860195,76.76830545012119,0
10,1754.1954095415535,4,0.8105178414760836,4.168658175879779,1
11,1857.4574745636148,4,26.625173341080053,1.557287735101895,1
169,285.45918131785265,54,4.03945024643026,107.5545068870716,0
10,1357.4106787601,454,15.063799254547328,0.4676373522695243,1
14,841.2695251808167,363,17.30353702582554,3.526322190070305,1
64,152.93688699708832,82,3.9131658599321115,41.38293749139054,0
130,265.75805014701666,76,3.921885647162066,98.94848682066846,0
67,665.3097062110015,86,5.473302805053484,111.41578571607556,0
168,769.8067902219817,66,5.819241300074634,110.52749234510219,0
150,697.32675041635,103,2.493800909185812,118.18870847777268,0
12,1484.4496707601966,50,22.364451071074903,4.152458187096015,1
64,473.9502883331703,120,4.139553079873128,89.88895064790803,0
86,632.2022385197213,125,4.50039622231726,13.624110806522662,0
155,301.3337771038166,141,6.731425911426182,37.553645016623705,0
88,657.9844922875722,30,2.2451508967442715,56.06198839827207,0
187,697.5579468200735,81,4.330871920309337,68.93862083423011,0
127,588.9717803023123,124,4.510734845604739,112.1146559257536,0
182,464.8925329858728,96,7.32924932589746,119.57116610151618,0
18,1058.748134788877,2,27.841705847303857,1.2406434763756113,1
19,836.9374549354536,438,0.3152540282592031,3.7070405311108963,1
62,596.7678882055216,85,2.5373941750226834,70.76326290600224,0
43,675.1958359680453,61,3.1022100911801727,22.541271818459734,0
11,675.0340852570062,7,21.214604646694983,3.6340329083355334,1
9,1506.8787664291353,475,0.4683965628497496,3.2790300486248447,1
36,243.43498752981597,101,6.623282488544101,101.36242649118451,0
44,761.1954295469342,127,5.988021781741924,71.49417302750174,0
4,528.8227049220586,34,28.992451442363418,1.5661953457692512,1
13,1346.8269662870014,26,22.934679907868833,4.632823366555997,1
150,580.5136916448531,127,2.5101826637354465,16.03159706989924,0
148,631.2276038799662,113,3.6523794314904654,56.17124928270098,0
17,1432.9270055864774,40,0.30170088714741716,2.1241477008542753,1
55,486.6278817513235,40,6.513930989858871,21.207706108817327,0
63,472.7046695750694,108,6.728128477853342,57.45818703447068,0
52,641.7897587689582,62,5.373059256412656,13.898629292707048,0
17,1049.3544511700725,285,0.04233243100118522,4.750359020753156,1
17,956.0043815105039,42,0.8768484735033235,2.874034756804718,1
17,1372.2214837008783,339,29.346982663561917,3.430497585184314,1
9,1159.763729786006,215,28.031723681392062,0.7796838264794981,1
11,1710.0912183147325,21,27.140850384809163,0.7661288275953609,1
11,854.0260365706931,224,19.61628779949614,1.1935504583591845,1
165,219.5899691609091,130,7.160783404358564,38.03930072981089,0
20,1497.4829309813858,255,28.299616873987567,1.779184899161896,1
3,1145.6191050546618,4,0.8641952753550424,0.2397997335055646,1
81,560.4148478652398,129,6.9781007910255015,79.72495380714658,0
15,1061.3565683328504,39,0.5958435436744538,3.395426307917494,1
80,630.3290514467508,73,5.174725381607515,18.894186861737584,0
6,905.325296689052,462,21.920458950107943,0.3750551185358153,1
4,953.0587405450319,446,0.3479278910576705,1.0892166494408784,1
8,604.4131203157643,12,0.014583203028058378,3.5811962461486524,1
7,1490.4525995001118,474,24.820799212064987,0.2797813636325597,1
2,601.3165107264518,50,17.576025350609772,0.09625983621942558,1
90,513.2121845242709,140,2.7920073777620242,19.29594647118956,0
48,590.757284870509,31,6.833584662718935,105.54272597893441,0
68,574.4226249595096,68,4.961283608869666,83.92857327870104,0
104,504.9269918026167,49,5.45406202604137,16.67624039725578,0
7,1407.6699334547934,25,0.5018660953971456,0.19368765562643997,1
101,456.1383295686086,126,7.367876847069911,86.6677465856162,0
164,631.4531147349463,111,6.3801159599465835,108.8615257949149,0
174,152.92853242884587,69,4.847532652957316,43.063869692280875,0
6,1713.142658405997,9,28.890862991963637,1.1372175856858306,1
157,494.54651490877444,99,7.023298199486757,34.79240018644064,0
6,1330.4360006217476,267,0.9811618831549682,2.2674300152462328,1
17,784.5093790344439,233,0.6251453151272889,2.1939287386570516,1
13,1450.6876213145788,2,22.349944680581597,2.3197478075130267,1
151,619.3244869716697,88,5.98979931960988,23.87939183696895,0
124,152.46923269616963,89,5.92327886657707,41.92205787362997,0
3,1064.9451588549691,6,0.20607439163523822,4.759112218644569,1
174,497.9039783153962,96,7.5566707115189935,109.78852733426473,0
108,241.41520896019912,150,4.853956187059452,88.15229045109966,0
17,647.2394421320629,45,0.9874949332471477,2.1987330670890692,1
8,946.3600939192831,393,17.761478412684752,3.3820759829085016,1
5,772.7467639738294,6,0.5591355245149431,2.14390810191671,1
16,1336.9321706191788,312,22.118150825754988,4.429516062061269,1
4,1893.931331807887,394,0.16958522936265097,1.0045389352118317,1
19,1724.894481889808,295,26.70864815385479,0.14085655385197016,1
167,643.209550899619,35,6.058862880874453,34.51458425686552,0
9,1582.0813672887098,18,0.03769241429633974,0.961515148278328,1
0,678.558454590175,30,0.6490821989290575,1.0721525928866464,1
14,1294.421808605295,208,26.363083121577848,0.8016875583843314,1
71,732.2838013753538,92,5.210371213971781,45.82593756860085,0
100,375.9814056042087,91,2.423472735587442,80.46142822525658,0
51,637.9278160755272,141,3.1901635132883768,53.12167596076578,0
6,1907.0560986169828,28,20.659620182571853,2.445935898642579,1
74,616.9167583075689,105,4.265976802782072,39.700119277642955,0
8,1160.8282538728008,37,17.790262946449914,0.32062490870575333,1
0,1528.2073533762039,43,15.509920781436433,3.8120115210049415,1
36,143.59317559011942,131,2.5064528480444874,115.92170235112371,0
9,658.8600137614352,12,0.09348658369173068,1.1649172213151977,1
5,1435.673646288641,398,24.567043213384714,1.6821586390579846,1
59,505.66139885013473,52,3.743171258668472,31.328761354948863,0
167,638.2129038104139,130,7.643729931471016,66.73952290774028,0
7,1612.206770980134,41,0.11362617873691105,4.377326832391366,1
22,472.05793087018316,111,3.931123552031857,106.55627853446704,0
34,330.0772185055489,62,6.346049515104296,60.47587871940016,0
39,766.5563418884036,142,4.869204265753774,27.33538285323679,0
8,943.5701136260327,34,0.02552531008968939,3.70928197392631,1
164,373.96049620014855,54,4.6386835496544165,77.2455713143528,0
4,1008.6945883218295,47,26.713569230417527,0.30639770966441493,1
19,1227.8140954767268,42,0.24542944577159176,2.3062178426629965,1
99,303.84933101515185,60,6.908051741067758,118.33658082057522,0
51,245.70082748099787,93,2.079782632780385,18.500047786459852,0
38,280.3014607603543,139,5.147198723017482,79.27420709905479,0
19,1891.8562257002861,496,0.7026956135629274,1.4998179919014594,1
35,154.64326358874783,79,7.420333214112594,99.31346899603447,0
10,657.0350760650052,342,0.5141007868721332,1.8718567050509793,1
17,970.563740051171,15,0.051059320747772974,4.918351446655095,1
33,636.0218670990614,100,7.5629993926985115,100.81388160253046,0
81,182.29898885259425,97,5.953704572643993,69.76606276098701,0
14,1333.940804654762,404,0.5895679296948042,3.4097694389731315,1
13,1613.0730708342765,45,20.4010937294076,1.0326473056662677,1
16,1365.7884522641555,362,20.231851114654326,2.0596857896101572,1
149,468.2805118162469,45,5.447375714290642,115.40155842591749,0
157,239.13125181787365,53,5.739007561298322,77.29711267271938,0
80,763.0049956944756,42,5.258012274599344,117.36877756351178,0
3,980.9119144063243,5,0.2741086076756032,3.0384155565306905,1
1,1285.1916190054744,430,0.5471581095911139,1.8462069492285367,1
146,477.22077634150276,131,2.5629412672375604,94.61931594828556,0
8,1322.9259134035437,38,0.41392467251520393,3.4635690534360912,1
12,1269.1271105484768,48,0.952227402158786,1.6326434698940355,1
5,823.2414585927277,432,28.6963952380901,1.2510380739270315,1
53,543.2931690996759,107,3.8738866234928704,32.443971926845464,0
18,743.2696188503488,1,17.958277931323146,3.8660385227461287,1
19,904.3258774327605,498,26.02061261348029,1.251479263610968,1
6,1201.5783451093434,48,0.6477561972361024,0.49808426730471755,1
1,1356.4542565549093,462,15.117639762924753,1.596183338954883,1
164,151.75463063216597,51,6.660136199978521,57.49114683843486,0
18,958.8853124093291,200,0.8935209983132273,3.437205058080384,1
36,792.2861811664594,52,5.912830302159962,12.341444467115428,0
16,1568.7549125802107,21,0.603252184888023,3.297077567538651,1
106,142.44560348521392,139,7.131186364198204,46.5712617600214,0
19,1158.7757053770065,9,19.92484065441986,2.312316567738986,1
5,1890.6067150131278,25,0.8827678676035785,3.423010510882633,1
167,592.5001422328504,89,6.651711770660601,16.037192113540627,0
117,481.0108862941355,139,5.931665070258612,119.08662211155963,0
4,1516.9479710699036,24,0.5052006528437126,1.95053572479083,1
21,323.91370366594265,146,4.48155588662813,54.61101366417279,0
9,1059.608231510228,415,26.781528599194722,4.5042309767868085,1
140,461.8040095674589,70,7.840263785585799,57.66913323275729,0
138,502.17926632124596,33,4.305123055027063,77.8684029890174,0
12,1843.3305003959779,322,28.64259116012861,0.5111626082665727,1
139,664.1433402970858,31,6.881508800153313,31.487710681632255,0
179,465.60212630966714,126,4.215414392439985,48.28697101772691,0
2,1104.254612481196,491,16.198479599211762,1.1508783330099537,1
5,1986.129792589974,24,0.134627996445437,2.602415002946945,1
4,1994.315425640944,28,0.4052669677583254,3.305546334519235,1
20,919.0067180152523,17,29.049753507895204,0.8683875232074223,1
10,1949.6987022555331,273,18.544840252713215,2.4983713436745223,1
44,349.255814318219,143,7.887238645020065,11.302696612650792,0
12,1658.2014913107237,257,0.3226366454220424,4.019196780799474,1
96,584.7429668400753,70,3.5806628094798856,119.16545854179212,0
16,755.7716834154821,359,17.455675984330636,3.689833686684252,1
50,181.98117562108968,66,4.303364707406342,85.3292480411895,0
11,959.9692116334713,5,0.42587139635225313,1.8934057413145848,1
59,727.8255265742222,146,5.177619493664328,27.127177618867407,0
19,991.2647337668807,474,0.5881276725044382,1.840439056793,1
70,523.3757110679674,40,2.439213998133951,32.564012760889824,0
139,569.0047609985115,139,2.159975759627461,52.07650636071834,0
183,650.4158049486409,98,2.37409050738406,35.91064642064002,0
12,1480.7858287098525,49,0.33800999829088696,2.5003186009692517,1
2,1697.7289218164547,42,16.384500293700977,0.8125305291893398,1
16,1960.5354158028229,429,0.08231268492798338,4.183387563988332,1
15,1030.959740531429,382,20.224297272531615,4.267699140101243,1
4,633.7122288538507,47,0.23818485994862426,1.7706981500727104,1
1,855.7879448548842,350,16.946402741913815,1.0391369743721213,1
17,1905.0228373776185,445,28.828475673296758,2.5878564297277458,1
2,1708.386826826516,238,16.391546921049663,4.7043499953401975,1
14,1874.4845859148866,20,24.413092814077366,2.7229429698539125,1
0,985.6179191255653,437,0.6322248219530172,3.034403586205771,1
15,1126.9098064444102,40,26.400445347393443,3.594322760221394,1
9,1495.3187339660276,495,19.786824284418753,4.154496572768731,1
87,492.61245882108165,41,2.703419111198209,112.59367155835574,0
68,106.62516228474905,31,5.719903858126018,39.67662912122324,0
8,882.5793120796102,250,22.35860739602746,0.6317452372677784,1
111,467.4071848924571,89,6.896069423182462,24.76394599763917,0
82,287.10315404971135,115,2.4940813050073736,89.36480542232488,0
8,1527.6721522364037,485,0.5296979555937107,0.5250541535981157,1
12,1418.5309955961206,14,0.6401601688349887,3.783885824410067,1
3,672.8399668175215,255,0.8859788586027696,2.9604227774967136,1
20,1407.400501234127,1,22.889464264053384,1.1626566346855771,1
24,170.82318229855863,100,3.2856305616179577,77.78509905281969,0
13,1354.3689096791018,47,18.068133560342346,1.587291180503672,1
30,144.72391605729146,48,5.108547802251494,66.42490177915985,0
145,715.5931845272431,82,2.547356087612648,56.633072997607265,0
181,786.9339819690471,149,2.129095258208439,35.09704919500672,0
7,1278.8772156833402,33,24.78413210094825,1.6625789778028648,1
191,752.7482118745252,129,2.6020244696819623,34.72533688898531,0
70,674.5682556625075,85,4.934981704104085,71.39661733389043,0
0,614.046228657472,421,0.4818278124989689,1.1925341382943044,1
33,106.05174313259324,62,3.191335589268334,27.30642242915467,0
87,436.2465569729481,100,6.702065565022225,28.199112790120353,0
77,591.3164370352581,30,3.300956467000697,11.00084740679727,0
106,215.72629815940144,77,2.5169918873703665,58.27490330216167,0
138,436.4616689444113,44,4.0243343869928765,57.87197314904957,0
0,1951.930619878572,486,24.074369223027997,1.0933473855806175,1
162,306.1882447152508,130,2.9165149430669834,57.40795309238786,0
182,788.6961195792181,111,3.269901973803446,32.134628898457365,0
9,1363.2625206796579,498,18.551280194752845,2.0422387156623567,1
2,781.9711212297491,23,19.186263161337088,3.8919491743045107,1
82,407.20684649190133,112,2.8061754842709687,112.95511514679632,0
132,643.8430583688806,127,2.546191224645754,28.49300184033083,0
13,1101.8464861946218,29,0.44619435608797176,0.5021210740306054,1
139,297.4486843297291,39,3.16709830692634,114.54160590416967,0
94,254.90279468975373,98,5.8721927123258,73.70565310391476,0
7,1813.4189359463653,10,0.5053742359744311,0.03675708189306626,1
147,710.2288434144136,90,6.759608256626822,95.83278410882536,0
14,613.521596255772,25,24.87756988153836,0.16670985161835405,1
62,360.5960865378635,45,3.48374293457221,16.89270572638581,0
15,1015.9973984037032,41,16.951918513389792,0.844142932654976,1
7,643.2888012095484,37,15.724655366857137,2.9836036382484385,1
48,478.85109935738313,37,2.3547948263120926,95.43477031431033,0
160,581.8709945007697,111,3.8094479925440368,41.346228500320485,0
115,488.17423989957666,113,2.7011631331587873,44.94127870931364,0
39,788.1542927831271,56,4.746663418861944,73.92482970253444,0
188,428.9350441544999,65,3.0172887855694803,100.67411302715816,0
0,669.5773379540988,210,0.5586854471525181,4.6267352542371185,1
4,989.5623389556373,25,0.19630761339240255,2.514167472169424,1
173,743.3543450534152,82,4.277898372186176,17.672935800679856,0
78,750.8750728994081,64,7.651079906267035,95.33314472310984,0
3,644.0663617613419,34,23.838969407526612,4.466541384273138,1
174,750.6757602885765,122,2.40208374987548,103.92786129239558,0
7,1312.741933414114,48,0.34420215339279114,1.3110918582822162,1
20,134.14406601244167,67,3.88580246572317,59.31902352126169,0
3,1451.68082790536,3,26.807183959053777,2.5496336975750027,1
2,1571.214486590427,372,0.540210550292579,4.15929584716025,1
64,533.6224174081087,125,4.556595130604849,29.156634566280385,0
154,448.0840384974524,48,4.016025991804802,111.68296093807409,0
93,335.5176980461744,138,5.512946245324336,39.299665371854815,0
138,558.4613182933035,45,6.741278727006115,36.81597102907236,0
132,702.4515397970129,141,3.7379272323116632,49.42000267472331,0
83,449.8862232060932,144,2.2629910545886096,98.43538090973894,0
5,1378.6196553422317,30,0.2382326418104468,2.813116506721454,1
161,420.0766438414771,149,7.876177860753076,20.632267831564782,0
20,907.4730642064629,394,0.13796228886125528,1.0252937497352343,1
50,129.95486034652197,76,6.110550324183227,90.30590707046834,0
2,1867.436971708887,28,0.3493891078109317,3.107931664978185,1
79,395.12158270106704,127,6.246161207689052,23.22833861298374,0
2,1538.85781815731,288,17.012934940959013,0.8066892253203178,1
14,1317.7302289738577,352,27.498953392395535,2.102264221266139,1
103,573.8229422319059,125,6.3605739632386635,52.141497652598005,0
109,573.0400924007063,66,7.232449238198496,116.68221159784957,0
7,1899.227210980896,19,23.88052853458482,1.4824743374399019,1
25,353.2437975187125,108,2.84142224964158,89.31200078682839,0
1,1261.086828981019,386,0.7524568515318162,1.8066903851269371,1
18,986.4005870491893,5,19.63025888075796,1.6816206519706212,1
40,236.43337561206548,72,2.240350758127094,22.744059840480304,0
6,642.740760499811,12,28.06091040564098,0.30053104453789836,1
14,1887.8058454946515,347,26.44360523319388,4.434647981727846,1
13,1258.6856600539213,43,23.51986445998967,3.8917821214692645,1
5,1408.2196432239125,32,0.012565175854283295,0.2832192755620466,1
14,1120.2627200124698,469,19.59507709407513,0.6639002915221071,1
34,573.824044204449,114,6.747080121804063,70.04360265854984,0
8,557.0729915212792,401,0.4943857005007134,3.1962507270002694,1
195,194.47632232299895,84,3.6950528040737947,101.01685012866275,0
164,644.5969893910784,106,7.061715173667167,27.857482730666025,0
138,701.1366957281273,141,2.549995241049643,82.51270629279286,0
106,235.62010361773446,50,2.1370943870872936,95.70685858621692,0
102,122.35726396218317,63,7.39992174437143,104.12771265679615,0
18,1815.4100105941543,39,16.477856097848186,2.9470438876853478,1
20,1340.4212414053854,20,22.297353059467376,0.014591350497517586,1
7,743.2914286795948,47,0.4998043773287211,2.7838500038000498,1
9,1795.7233428296931,34,0.8837945764609274,0.6714120099681214,1
10,1372.1509862981638,349,0.3342127556101765,4.185073685158049,1
20,738.146008117877,12,28.644400820962247,3.0864581242838574,1
13,1482.6688946841145,386,26.98557688187625,4.1145539061418575,1
3,650.7769929426386,384,0.25660462446336374,2.507530048909145,1
13,1083.4491921784847,1,20.85899734133311,4.201471538180451,1
15,747.2527213936111,39,0.18449825270898756,4.138336776022247,1
8,1144.9500076900915,16,23.618095873094987,0.9979684277949347,1
11,774.4075189046848,290,0.6165924393619382,3.388031846134809,1
13,1261.073121327243,21,19.513609188570335,4.820569633677257,1
14,648.3417680608252,312,0.6829348519899908,1.3538305544057678,1
7,615.8754290774887,429,0.8371803335719332,3.0654189138142893,1
115,137.55538231500392,74,5.342554782033369,82.12517532344232,0
124,553.5629385354484,146,6.101301350721219,30.053491380317425,0
7,1739.519336830904,31,0.24824114392224794,0.2241237961282383,1
9,924.8529832337106,387,19.6753549736643,2.1813453108147005,1
5,1851.1140995182554,469,20.894713112405732,2.8690854353167405,1
16,630.2113349490255,371,0.5157632941176399,3.7653146432954934,1
9,1760.2203195297304,42,26.47111597240537,2.7982517087391168,1
10,1491.4790383624731,33,16.86814287677951,2.992304939064643,1
32,489.49565339132977,41,3.8607028510764305,93.98789510918225,0
16,1185.515491050366,8,24.638177510539336,0.7782851458761259,1
14,859.3545805210493,16,24.557518144932857,0.9908805413503974,1
194,259.07497018122115,80,6.762476895573265,39.6562421225758,0
18,826.8987589120675,33,0.9535605009160182,2.3620226738859267,1
15,1048.1108985445862,320,20.038309841993172,4.826310061086717,1
92,186.41866335442742,131,7.493041299680588,10.15409914608934,0
154,705.0835490429554,89,7.648504245767744,34.0639461512433,0
114,178.07737088108263,84,3.503997265064749,90.75794214102204,0
69,681.4086470264342,148,3.5241719776616103,20.680330288973487,0
69,757.5098221673328,120,5.3253047408666365,16.697637384852342,0
20,1202.8536399865648,262,19.602491159480582,0.4121712217674389,1
18,1310.1532493531618,287,0.6746876680339342,4.212119277519378,1
171,754.3676812346966,99,2.701175339708942,13.509448123858734,0
166,629.6185229934146,71,7.72952710645288,94.13677328145778,0
54,424.38897403554193,149,6.793459794351127,105.2904072945257,0
6,1613.287015867897,36,0.1732815965134974,0.844643996403534,1
101,686.6236977664935,113,2.9519458100856752,46.562992563014156,0
78,373.7277502230959,100,4.035304696534109,115.17445182795039,0
185,527.6216859747908,65,6.585402140916289,25.184768692017368,0
2,728.7554572616643,442,29.75856293738605,0.007316380661530064,1
12,601.0843640832782,427,0.9350488063107828,0.8259609062690965,1
10,963.5612444680121,318,26.093393779813606,1.9120076640167412,1
15,1544.8411214304522,37,0.9171250783689103,1.8570620434608143,1
73,135.1419364501939,74,2.546855315043644,109.43538362888162,0
176,564.6006915607556,105,2.106074157447928,76.60511176312222,0
115,757.142950385519,118,6.460068482481215,72.80541371846766,0
81,527.9839739952511,119,3.6399920627554296,62.741147856088126,0
0,1180.6595281366185,366,17.025337934317253,0.956776182199624,1
4,591.8297958275182,471,0.4382173918139499,0.680945065633376,1
120,106.71948975097018,96,7.905326221622408,103.37863405113447,0
97,679.6594783987002,99,4.354066163971337,29.453992868335273,0
14,717.852933322888,293,15.958457097148331,4.720229470766901,1
6,965.0732478105535,48,24.88505399892222,0.25064023557932635,1
16,598.9560909146785,4,29.465418903066208,0.19047167061854775,1
175,643.8176444533876,113,3.4210238088936196,51.882635861701075,0
10,1564.126952977019,483,0.713342365200072,0.8952477765753608,1
15,1655.6973529100228,227,18.340009949932192,0.37811504753315295,1
70,382.1732429903802,35,5.407050540231925,72.20020979766957,0
8,1546.7598520211072,341,27.651917900636974,0.45125010997743353,1
176,245.1443284832262,97,7.1690171783632595,96.56832690091379,0
173,273.5155767376415,145,7.681637706055863,105.40297179685767,0
44,414.56381180822524,85,7.368272283929295,40.67637998728476,0
18,1923.1352241312452,366,0.8002400857657818,4.7675356571902014,1
191,508.0345290758965,100,7.543941739590128,79.98483969819613,0
167,394.417036118274,123,3.65518157792425,36.17345850689681,0
178,241.70247268225012,35,5.412912245531724,58.65995059520544,0
181,145.64988006037254,81,4.050869745638355,83.67646713188014,0
111,403.61156128379787,108,3.399891191558954,34.73689159061652,0
182,163.29819403402513,74,4.326856362615961,86.43611491268521,0
5,1822.8571191962035,3,0.6891929179007562,0.8911502962346274,1
14,1414.0348785491806,460,0.31605601953279916,3.6748850649714377,1
9,1294.4795792732907,485,17.90680399743218,0.6557974665734084,1
5,1828.559332343183,35,16.492313320141992,3.075700034111774,1
196,633.0716916764595,133,2.5648471466824088,46.074391818408,0
32,243.97388708599323,49,6.487859791178795,51.43973251518842,0
73,348.4461480619967,68,6.577296022899828,117.30328037053945,0
39,129.97167672554755,128,3.8431674102230797,102.08050143586102,0
45,536.527235932003,78,4.8978734516951015,24.36642813935652,0
7,1007.9403268350228,19,23.482283423345564,2.4704516384719395,1
63,173.2688440366481,122,5.924960772542546,53.778543089093596,0
8,1589.6774062813226,27,24.775043497796293,4.388491333630885,1
17,1630.1249952102146,216,22.060548986304426,4.669488078770203,1
5,1323.244723859655,24,0.821190729041833,3.64893379895248,1
15,1589.464968629203,24,21.601789525022006,0.9928363329292267,1
11,1088.8076392144167,48,0.771232402762703,4.415003964721938,1
0,1874.8583383398618,8,0.6873689027733829,4.911793859480047,1
136,507.558230608366,145,3.9130389262060694,113.44832749201578,0
8,1662.591628449433,35,15.539316056295863,3.090460933838038,1
167,254.04070652863248,45,7.410741258961211,44.831558211375054,0
171,338.7215898195185,65,3.5657967267355253,84.00690144814887,0
2,1039.1125980271636,30,0.5139605444910237,3.420937751661661,1
97,530.0804909790847,118,6.341347718452809,27.935428201614165,0
13,720.5355192171864,15,0.7850555702039076,1.10093633211719,1
183,369.62844367302347,150,3.196201474732604,24.088935948350624,0
150,179.58214079238647,68,5.8383153706219355,107.36895312619009,0
81,545.743093116435,84,2.3561818099428495,83.65345099586935,0
0,1960.7977541812756,13,0.3378671153981717,2.559187818716182,1
92,467.91068996453834,135,5.805915113827762,35.2452155017615,0
16,1789.9138097779582,345,0.45668350238600164,2.56162025164449,1
48,180.3477412702588,31,3.0109486481481804,71.44784743035936,0
11,1604.8363931364697,313,0.38244832874249723,3.1986737176829516,1
19,1114.0130737865775,429,25.135126595082006,1.122490558676832,1
67,536.4218931163812,89,2.7341983303362607,55.032437422461975,0
35,409.2450970506842,113,7.639780621478824,68.60481905576614,0
29,258.0536378160887,136,5.350059067792161,46.183608967282886,0
1,1844.9395920271668,475,0.19103246492699555,1.4060901779077906,1
14,1615.0118938816324,18,0.569386265418931,3.5843665296190568,1
152,564.3256270557494,48,3.263567425212793,111.48903726725872,0
9,1514.974653044706,351,19.92074326904655,4.959806596181767,1
112,190.35515919081337,89,4.39339284499986,74.21915875726097,0
8,800.9425155307093,34,15.06190411111571,1.7910800228147028,1
186,632.8458807518232,121,2.5627783605523033,80.62786409236391,0
19,1509.894660316179,13,0.9585594529622175,3.2495863602958512,1
158,184.40640873669338,62,2.5563605900785844,69.73020742520507,0
12,724.8515257762324,41,0.44976300001911673,2.634125165301933,1
193,641.3931881310592,88,7.724085004165389,67.87946693795863,0
125,418.3183744905867,101,3.221562196546118,34.61013578053548,0
117,132.4798287958035,75,6.215334124670541,101.06788728037016,0
36,473.4960822939567,145,4.148773695097442,111.43112472758092,0
185,139.02358617449744,49,3.6225772109398546,20.71717788723045,0
38,524.7170161206184,111,6.041865171131555,55.092640195139204,0
167,111.43964179958893,140,5.60224453105668,28.530622692994104,0
7,1980.0571920451648,32,15.841708907424534,0.109146809930879,1
10,526.1361473917661,395,26.929884541597875,3.5284155687823593,1
95,141.24265376931643,52,4.544166993945936,73.65037679532153,0
17,567.5656002324733,286,16.92748740483043,4.434698627546318,1
155,120.39161130046537,69,5.715006368034274,76.74262415875519,0
16,1374.7979004634535,30,0.5633974700243983,3.540206615443022,1
1,1096.664225995128,324,17.02311753505329,1.3738948477595487,1
2,1544.0249331787707,397,27.972639285326366,3.2460766120877684,1
24,179.01919042889762,144,6.871661711877472,103.32913818654167,0
157,433.7478106118513,89,6.961488291993557,94.07799072213756,0
9,530.3495654508495,478,0.9827539933425111,2.9314289230497756,1
114,246.61745341843408,120,7.693105508745311,104.92630108151897,0
10,1428.188960592251,45,0.8393069722718638,2.279007057088199,1
11,1771.157515927649,208,0.0734061746424226,4.084242357976995,1
2,1764.8129367805627,8,29.416579786782144,4.459990044444584,1
22,168.11249224852688,135,5.457152636032319,49.16321617413234,0
0,1369.8532101263502,327,23.588776197340078,4.00566818221535,1
20,1971.2110106089353,251,25.842105493833476,4.229114986464774,1
174,202.02875790587683,30,6.543754794361904,47.99916225701177,0
5,1249.4488089414233,358,0.6166276746921252,1.0282309882756175,1
18,1246.704108923198,46,22.21286281494755,1.6545310748239561,1
163,236.9017470640536,91,4.865693578077924,70.56335542846811,0
164,581.5992729105373,150,5.290874892202434,43.02382949932012,0
62,583.6118857600293,94,4.84546074569016,84.48961570871454,0
64,486.93802361136966,84,4.287320166307791,87.52801261241207,0
15,1158.0207181553526,412,0.6273039069319075,4.713563960215116,1
86,528.0066863177333,128,2.844378466998966,68.30060556700309,0
8,1332.370159772519,2,28.19919738203448,4.579279770961335,1
20,523.2218262240299,235,0.5877649449917351,4.3128601349096165,1
98,568.2657147500045,138,5.112247615415112,75.85642224024788,0
27,398.74196843028506,32,7.03202939887503,55.420969768437644,0
33,613.5366588433121,53,5.518329856686035,53.95596600425734,0
167,366.9762830389313,89,7.166852208322255,64.8409714259739,0
33,474.8231789203597,92,2.506384800847918,73.59401410065942,0
137,736.3440518324367,129,4.7930768353786934,52.314562732511476,0
10,1001.423443369494,10,18.76368938389627,2.80297739639584,1
13,607.433301915529,4,0.6231453941226682,1.100112062406473,1
4,1630.5910923480674,460,0.0058892784096629125,2.941347345035827,1
77,468.41147933651985,103,7.426809465337204,94.50545372384495,0
42,538.5879709653744,46,5.856197619254589,86.63746244448629,0
14,1939.905617580538,0,28.71705633119224,3.325852066829377,1
9,598.8700686603722,401,19.652302421139854,1.501384604947641,1
0,1973.1252423336705,261,21.041335247764756,1.279288168487693,1
19,665.7169540546436,15,0.7665430163140052,2.4947504868648656,1
99,325.3020026684242,42,4.736284664193225,54.87593089605032,0
19,1562.990158332369,236,18.146393792445355,1.3633920160866575,1
109,101.95590051100454,56,6.163094039792167,24.260767690691964,0
192,675.8294533823376,109,3.591878076156032,77.94215913755285,0
1,1911.6782412252248,430,21.775029453437753,0.7416898003467942,1
197,540.2293111649976,33,2.6691916798132027,53.685582690566584,0
11,801.9402286635257,15,29.973365790668566,0.21194451188482066,1
185,701.8181759287781,91,6.275482047410543,45.48140952018084,0
10,1999.768393542257,396,0.6330500772144183,2.7460286309349207,1
9,798.6113761310489,43,0.13921853055994982,1.9995682380226099,1
17,1312.518143486032,46,0.04581778822526894,3.516738649537041,1
10,965.5689696365388,464,18.894505582782404,3.2598111710098108,1
13,753.8201145657271,305,21.61322071718837,0.10065140727059385,1
6,1746.2781223273084,20,29.54965279092542,3.4774749827567253,1
48,611.7459302844941,54,6.198651876003876,113.94732045243337,0
30,454.8598382666486,117,3.8698518926315026,66.02276141510217,0
7,735.7794394070355,10,22.801732576267973,2.923208600810555,1
111,101.64922059770247,44,3.0132991261771274,12.060750484125014,0
136,127.93058558979737,147,6.177913355011376,35.755604431626274,0
10,841.587021650533,33,0.12960051945343776,1.3427490257123447,1
132,595.1440482139594,148,3.6345917075494496,94.59361091369925,0
156,675.7753366814328,91,3.8595440225566113,58.23390167676851,0
15,547.7797581429766,12,0.6867483567109541,1.7028711694865355,1
71,213.2715520176037,145,4.50180551220557,81.88972351380193,0
9,1430.5964964458344,14,0.09428720437103455,0.6921780017891843,1
10,1717.5185925819312,10,25.199892283309197,3.6246458720874637,1
20,618.6480297574258,5,0.3797073187121348,1.033841725554459,1
148,327.9656495001175,43,7.753652307797351,92.73962809993421,0
14,613.6166952122202,35,28.479176560333634,4.756982011516558,1
11,809.4195325586593,384,15.411639439647008,2.0052066102731874,1
0,1141.0629695505554,29,17.667467653637186,2.381511166840662,1
12,1359.7527091029997,5,27.232259731825646,2.952500279406049,1
12,1377.5971218426646,425,0.9992772398823441,0.25760311780183565,1
84,666.1538616633708,70,2.1138277935050347,101.40866357819334,0
11,1235.0118674135092,463,21.847232563291563,1.2947368567186919,1
193,755.8077963514795,70,3.52131069170471,113.02328668142111,0
17,1318.255396998727,297,24.469925786418933,0.6195642452365158,1
129,486.56995287384484,145,5.516708852027492,48.07847414780881,0
8,1166.0026163143068,21,23.20865235827976,4.366245916397599,1
87,309.9210808172204,138,4.598984372062404,34.48309393047121,0
11,1014.8661892582863,45,0.6838735581592238,0.9694104795514569,1
119,621.8340055362465,73,5.709743936573668,36.21765703529641,0
122,138.73815590693505,70,2.394782595387838,23.058082400274053,0
74,712.7001629191947,109,3.46124883597974,89.84491092531623,0
7,859.7823688902074,262,26.324116222189538,4.341997857522776,1
176,204.1675512074682,113,5.8418233685119745,46.872360792052675,0
23,416.3575708758701,53,2.1931500126195074,41.759928487223306,0
0,1834.0935734513578,401,0.2093252849201369,0.014328531033137026,1
135,550.9895671478125,76,5.2260843507209405,14.425702423869904,0
2,926.4159053095129,26,0.5969252938648694,1.8935685223572296,1
102,561.4079203234198,144,3.508125832472433,11.069985316039563,0
200,206.67009324541482,53,6.542817560346698,102.5993208725559,0
78,140.81590247337164,73,3.736168527807415,91.94211083030346,0
19,1812.0937273406112,20,0.42487342463869804,4.90584292582587,1
189,640.1837708186481,115,6.024877268369103,32.094701059511635,0
15,980.3801840266693,345,27.077519992499322,1.2416160367050288,1
8,1552.6959915163275,0,29.528517085977242,3.6948705336588104,1
76,263.9427486685948,57,3.5537763321689098,46.664136487115265,0
190,293.3023484026761,80,2.899512179893847,39.454080013022974,0
14,711.5905522501927,350,29.67396363833212,1.8664298007700064,1
11,1451.5624307995859,341,19.14308557696272,1.5090334680541546,1
111,444.1190781912452,102,2.642920877741271,85.35246893719949,0
6,1080.8667822877565,278,0.207568669735404,4.869351393522227,1
20,1368.891998315451,20,21.07965926476259,1.51061670075877,1
35,352.03322856542775,63,4.7552846401191005,82.62405075335438,0
3,813.9223094308239,28,0.754977092181859,4.416598345047548,1
16,1585.1506383653748,0,20.130874914900218,4.8117932129906205,1
148,795.5906757505101,54,3.1521707246923443,12.582245728821555,0
51,481.5996120544635,138,4.939019045493008,36.98915379623253,0
124,313.7965472460294,45,5.254537983862285,41.18786277719833,0
18,1086.7116773068124,256,20.904435104825758,3.7718245364056706,1
88,417.4045994009858,150,3.1792167779834792,70.44884678535723,0
10,893.4141705535899,245,0.9591866162216277,4.621928546785151,1
67,702.733517422971,102,5.456637323847475,37.356006573539716,0
62,408.78920208103114,79,7.0204257251505435,44.45682334947918,0
3,1029.1661229662857,210,0.8439567995689198,2.309870138356273,1
37,613.207391823948,30,2.8974476170041257,55.135523088880234,0
14,1242.79239629091,3,29.810280007588283,0.9678353034346854,1
13,988.8769881816837,47,0.8687826039730573,3.1331127811691077,1
146,510.14791982033563,63,5.185096110601057,73.42759525080024,0
103,163.82302113624627,130,2.9088228701924517,27.49100753122194,0
26,132.5273945660034,121,7.747810510986521,80.00281955143294,0
10,516.9937364402399,490,0.2312240048106351,2.7102200382409167,1
13,1270.7321224109933,273,20.198277901970656,0.5707201571319309,1
16,1709.8038774608435,22,24.75493792793619,1.6713425658546606,1
20,1219.702872781348,207,0.3096502926996886,1.5886050314769546,1
109,458.888812176865,61,4.447570601572922,75.92693403214714,0
17,1114.3874747141879,10,0.2832504085272277,4.679355272793217,1
179,381.60294265537254,74,2.7733340792537544,72.08696335719317,0
173,706.9597342876942,57,2.6927941884942648,68.75276249750584,0
83,699.4891565060221,69,2.318021206114825,16.773665699335,0
55,143.79922952434498,139,3.5486158491036486,102.77581086434674,0
146,118.91861051658984,76,3.427386179224596,38.1856716658572,0
173,369.28822748770597,119,5.94622649967163,14.186737842474578,0
155,658.2824365490573,64,4.3459239408090085,23.715347569794407,0
128,637.9132033277265,79,7.679743421371082,21.483719043721667,0
53,596.4137386070906,104,2.111481803122632,95.03357458206048,0
9,1309.2120429345237,494,0.4607344298539767,3.101326352143983,1
14,978.1402348858273,50,28.06529968135193,3.524527073729877,1
179,727.7929060719923,92,7.501467172430431,59.884585922843975,0
39,569.9129873929887,138,6.124622001244868,45.06852336715152,0
0,631.2807251405392,288,28.016011401721023,4.435157063550261,1
71,482.45429097847455,103,6.849380171493259,99.02400298742089,0
2,991.1857217990207,40,0.4274105237144543,1.258572327473818,1
11,1006.9612063738323,250,23.33383970594989,0.44074904029011375,1
58,430.2486999746777,72,3.802611655998775,98.92088362260553,0
12,1017.5687703246371,2,0.6423965564175238,0.400863592379464,1
2,1260.0145513841153,374,0.34825275322391425,3.4538288873013667,1
103,671.9440864802851,106,6.9358462976829784,24.14500561266871,0
1,1769.7106447919423,34,26.19718895864208,2.160294361171589,1
20,1578.0977032073297,46,26.760290125353563,0.7939561786248961,1
24,514.6753964311262,54,4.088779602051032,11.180952826668893,0
10,760.9085421176887,474,19.523663209838315,1.402249648567806,1
124,540.924017549642,107,4.52268823719589,48.72959982282871,0
138,606.6027810547312,82,3.2744732839909365,86.80132277892157,0
41,517.3765539978524,49,4.822883742079406,76.24688198366022,0
3,1957.7374905697043,453,19.711122970677707,3.4121105008782218,1
113,727.1385763534722,89,3.537702234663022,58.55660365141085,0
161,190.04069093257937,140,5.035359346485205,90.75445552964898,0
9,678.7560742060105,371,0.24558937498431743,2.7078682044595572,1
8,1340.3760505525343,445,25.691812379161465,0.5089918884540418,1
124,176.00118855457322,129,5.1606102390679816,119.92542414168996,0
1,921.0742102913763,38,0.8882318058017432,4.6877953426291965,1
41,109.83154391748462,38,3.627669691394405,87.47498646600738,0
11,1532.7527898692138,258,0.7031923487951958,4.32784139699503,1
0,832.4061778869973,29,29.485139470631147,2.8230610836487537,1
1,1473.0735358579554,392,0.6758309613628374,2.246258107827808,1
20,1971.5884185314667,50,29.34193457742181,0.5521668970307159,1
4,1166.6756817145217,1,0.4165161492277142,1.3701528877302793,1
15,1305.3994979312793,28,28.64282878879837,3.019220881612993,1
139,752.1421262491534,105,3.9111039195769974,68.34172550134473,0
14,1794.2111743905675,42,0.5189403665104666,0.8147518630220846,1
10,1615.8084394885323,37,0.4300366587940807,4.950880599759315,1
12,886.4938848884877,220,29.6832088580437,3.9898786034180684,1
39,464.45574650972424,109,6.25835133173816,20.077262250819224,0
81,147.8049310430153,105,4.575656927614828,37.15706691393585,0
190,621.5442426670924,40,3.287229962650362,111.2266662540468,0
75,660.513258711031,77,3.7105780144022775,114.1202841493763,0
4,1407.5291799675806,317,0.698731585561286,2.571428137436225,1
29,271.80199177778843,106,3.834435789235596,80.86617842471743,0
10,1396.344319252703,5,17.787631445615673,3.655462799864024,1
28,568.2381886676544,90,5.932549079219511,14.356269786171701,0
121,305.17204755991827,42,4.170552834719685,17.00208571757313,0
149,335.5786027956233,100,5.265800636626565,80.76368754937575,0
86,365.44309166117307,148,5.681622443689815,28.51397910098635,0
13,1633.4866803758935,460,0.5966498333986111,0.7368057989415078,1
15,658.4479360445814,380,16.04565324569083,0.029045146547725387,1
187,655.3847469581789,93,3.391887866458334,112.11279030196731,0
27,131.78833196929187,144,2.0380768818163135,68.54966920565272,0
192,707.3611509733761,103,6.874310689372219,118.08430411510365,0
0,1363.160719306361,330,28.036930228438933,4.680396284257069,1
198,289.45065055827337,46,2.5244642497820173,28.569266601789767,0
172,596.7530464806503,121,3.0314612030754247,98.02810337983897,0
70,313.4147844122215,63,3.5396010583036177,32.21107149172295,0
5,824.305911115732,8,0.7532450316605263,3.0416141276976094,1
172,225.93761241735592,132,7.903912044067898,112.2403412847095,0
132,226.0947762189662,67,6.952894077518966,77.00149310808602,0
40,170.71752276543126,40,6.415260462389593,45.023141312748834,0
98,627.6194578352125,33,4.072731194518858,65.6533724674767,0
18,1428.0233744352631,436,0.14159857705615875,4.959014518829158,1
12,934.4709571930687,44,16.133640364347592,2.219065921323489,1
12,600.0618252888248,40,29.201193190614422,2.560696516961701,1
141,373.35298936030614,126,6.4249275790604,90.01162057306028,0
7,1172.8194724256155,4,24.7300800013975,4.320592983684239,1
7,766.5789710160963,43,0.919673281381391,0.3567730438546973,1
129,519.9287414775846,113,2.1435914574298485,51.17756067551032,0
63,304.2957950957194,38,7.718044425195442,81.76034440553533,0
3,1663.3426566406924,299,18.335486015787392,4.009744178946837,1
18,1354.1468576228945,245,22.874328417618585,4.036309878658335,1
38,530.2756076550597,84,5.105296619237739,27.068895272040084,0
18,579.6270606414527,4,26.54866386089142,1.171190329518292,1
60,358.2724219462835,40,3.8499177265596796,57.140813905745496,0
40,204.2382411404607,104,6.236245198787657,48.220405519360185,0
70,162.38325409793262,108,7.653265561886237,22.915153343809564,0
12,1350.0594290621302,341,25.950398238289836,1.949362503553445,1
11,507.98200580999026,383,21.041664013310044,3.0714624623777858,1
6,849.7945060346411,46,16.088433308850462,1.9896217876870403,1
0,1709.0563303673691,33,22.237105742855654,4.662901787911579,1
5,1710.1092003061028,422,0.9875745132899736,1.8771688758721732,1
6,694.1017213497673,12,0.4224554418725066,1.4680525214072966,1
19,1081.6585884271603,43,0.5843183310287934,1.1771021656733704,1
5,938.1593014807258,44,29.518741762251146,4.052836048622353,1
16,1372.4754012974267,48,0.6224775352783141,2.253562997431373,1
173,459.8912152808359,58,7.159340872121633,42.58266201429444,0
19,1253.5589950847034,410,0.08917203388943862,3.127558310930933,1
181,775.5283255447089,59,5.699011140095335,117.45246501062897,0
11,515.6634927290262,338,0.12568423198144407,1.2754664724804914,1
16,804.2561619747636,37,0.9276117620983068,1.2283508971148143,1
68,216.02803924398967,34,5.224705895334101,26.79312713901394,0
136,760.6684322017511,34,6.812016484775789,17.15532800013818,0
14,1760.2413164529087,408,0.2914506179320343,3.666073047015417,1
79,676.5928375894655,76,4.698276508066151,42.24007909942604,0
0,819.7656451894206,4,19.325896170324388,2.1787615951155175,1
179,158.90792685865242,118,4.984202768821665,94.13471298759511,0
165,673.7039017119153,81,5.0432673636347065,63.66148615163995,0
34,558.1499164710766,61,3.3750455347422865,32.6587104104328,0
145,383.9242694203139,107,5.633300555338448,55.85145398098904,0
55,384.33725430269794,50,7.808378518053978,24.806828609533998,0
51,606.6084957344536,55,3.123189505144124,76.32776349793032,0
138,746.4389712986215,80,4.485427185263932,54.98023248412792,0
115,311.9023544027694,82,4.953907068841702,78.48564541582117,0
152,472.23109138161254,90,7.62303774582784,66.18877026084402,0
11,1362.410370733001,258,17.101118581532678,4.616538996188693,1
145,732.0334091165729,103,6.648176009396408,48.05131370972294,0
19,1480.428933809137,25,24.181022309749636,4.328532927800727,1
2,668.1397719477827,487,0.2593697293842959,4.551238323349919,1
94,177.76667097606054,118,7.654334616088186,14.888365818556423,0
150,763.1823818946876,47,7.079745944091959,67.93947916463796,0
40,488.498276760361,95,5.172353747810308,75.41927128273014,0
17,1104.6384499713452,467,0.8602469829574596,0.16425415635735297,1
1,616.3675059670853,10,0.05556753316918206,0.19630572387637046,1
7,1988.6228329646142,287,0.9313278866124908,4.173769559656647,1
151,210.9808327315592,77,5.96654849769003,12.311670563866226,0
1,881.6749943416464,404,27.717788116346163,1.886508003482461,1
79,493.77808977072806,86,7.470507223372221,18.603555059546117,0
119,541.1263584276762,125,7.520262678966991,64.46048414772181,0
198,484.0317252828693,143,2.586301063414234,10.856439599697245,0
75,497.77195477793293,126,6.958659364324478,68.85767188059003,0
164,643.1749482775153,140,3.2311500040158356,19.769095936666716,0
17,1860.0391380507892,481,0.9562796794124951,3.1902466743381828,1
124,700.4068578607546,52,7.44343642962694,44.25365229905837,0
9,967.417754822209,17,21.050790676892962,4.689452039830504,1
18,1999.7974219972402,24,0.8201072864571073,4.261692403706259,1
124,646.4123762034083,47,5.931196434418517,10.874607548849426,0
3,1685.9882035038488,448,0.19304188024428992,3.2459636254959188,1
168,573.4186530728789,133,2.7002246451838587,39.001662713428985,0
17,553.4616056061915,32,20.29306275521273,0.3763117450320186,1
3,569.3509838153191,49,25.85209714634601,1.1343350725859802,1
156,354.10015387522003,141,7.330271139056655,36.22162068337201,0
126,443.73686873432854,102,5.620764909461449,24.05331644458419,0
174,356.725799969725,89,2.262105949058822,115.19308393203562,0
1,747.6813844257316,49,27.729990202884316,0.3926948090421295,1
19,1974.5610889118898,316,0.438844862677473,0.9048471201847397,1
149,341.4993091557012,61,3.097495394152427,48.309295129711764,0
